Country,Year,Export_tonnes
Angola,1990,5040.0
Bolivia (Plurinational State of),1990,9360.0
Brazil,1990,1016160.0
Burundi,1990,35100.0
Cameroon,1990,156660.0
Central African Republic,1990,11820.0
Colombia,1990,836640.0
Congo,1990,120.0
Costa Rica,1990,135960.0
Côte d'Ivoire,1990,256980.0
Cuba,1990,10920.0
Democratic Republic of Congo,1990,110340.0
Dominican Republic,1990,32100.0
Ecuador,1990,107040.0
El Salvador,1990,150600.0
Equatorial Guinea,1990,420.0
Ethiopia,1990,64440.0
Gabon,1990,120.0
Ghana,1990,660.0
Guatemala,1990,194400.0
Guinea,1990,7320.0
Haiti,1990,11460.0
Honduras,1990,104100.0
India,1990,118740.0
Indonesia,1990,414180.0
Jamaica,1990,900.0
Kenya,1990,118140.0
Lao People's Democratic Republic,1990,5880.0
Liberia,1990,1320.0
Madagascar,1990,51780.0
Malawi,1990,7440.0
Mexico,1990,220980.0
Nicaragua,1990,40260.0
Nigeria,1990,240.0
Panama,1990,7920.0
Papua New Guinea,1990,63060.0
Paraguay,1990,15780.0
Peru,1990,66300.0
Philippines,1990,10080.0
Rwanda,1990,46740.0
Sierra Leone,1990,8400.0
Sri Lanka,1990,1140.0
Tanzania,1990,61140.0
Thailand,1990,60060.0
Togo,1990,14340.0
Trinidad & Tobago,1990,1800.0
Uganda,1990,141180.0
Venezuela,1990,16680.0
Viet Nam,1990,68700.0
Yemen,1990,3000.0
Zambia,1990,1440.0
Zimbabwe,1990,15060.0
Angola,1991,4260.0
Bolivia (Plurinational State of),1991,4440.0
Brazil,1991,1270980.0
Burundi,1991,41280.0
Cameroon,1991,105120.0
Central African Republic,1991,8460.0
Colombia,1991,755940.0
Congo,1991,60.0
Costa Rica,1991,144000.0
Côte d'Ivoire,1991,228300.0
Cuba,1991,7260.0
Democratic Republic of Congo,1991,85080.0
Dominican Republic,1991,28560.0
Ecuador,1991,84960.0
El Salvador,1991,128880.0
Equatorial Guinea,1991,180.0
Ethiopia,1991,50460.0
Gabon,1991,180.0
Ghana,1991,960.0
Guatemala,1991,169920.0
Guinea,1991,3660.0
Haiti,1991,9060.0
Honduras,1991,86640.0
India,1991,103620.0
Indonesia,1991,370260.0
Jamaica,1991,1020.0
Kenya,1991,93480.0
Lao People's Democratic Republic,1991,5880.0
Madagascar,1991,35280.0
Malawi,1991,6000.0
Mexico,1991,211860.0
Nicaragua,1991,23520.0
Nigeria,1991,60.0
Panama,1991,7440.0
Papua New Guinea,1991,47280.0
Paraguay,1991,7200.0
Peru,1991,62520.0
Philippines,1991,6180.0
Rwanda,1991,28440.0
Sierra Leone,1991,6240.0
Sri Lanka,1991,1320.0
Tanzania,1991,52260.0
Thailand,1991,32460.0
Togo,1991,9300.0
Trinidad & Tobago,1991,480.0
Uganda,1991,125700.0
Venezuela,1991,7680.0
Viet Nam,1991,72060.0
Yemen,1991,4320.0
Zambia,1991,1740.0
Zimbabwe,1991,14340.0
Angola,1992,4800.0
Bolivia (Plurinational State of),1992,5760.0
Brazil,1992,1127460.0
Burundi,1992,38760.0
Cameroon,1992,98760.0
Central African Republic,1992,6000.0
Colombia,1992,993840.0
Costa Rica,1992,145860.0
Côte d'Ivoire,1992,272760.0
Cuba,1992,9780.0
Democratic Republic of Congo,1992,57240.0
Dominican Republic,1992,22140.0
Ecuador,1992,76380.0
El Salvador,1992,127200.0
Equatorial Guinea,1992,180.0
Ethiopia,1992,44040.0
Gabon,1992,60.0
Ghana,1992,1920.0
Guatemala,1992,199680.0
Guinea,1992,3480.0
Guyana,1992,60.0
Haiti,1992,9960.0
Honduras,1992,117600.0
India,1992,108960.0
Indonesia,1992,276240.0
Jamaica,1992,1320.0
Kenya,1992,83040.0
Lao People's Democratic Republic,1992,6120.0
Madagascar,1992,44160.0
Malawi,1992,7680.0
Mexico,1992,199920.0
Nicaragua,1992,38160.0
Nigeria,1992,660.0
Panama,1992,7500.0
Papua New Guinea,1992,55020.0
Paraguay,1992,2400.0
Peru,1992,63660.0
Philippines,1992,2460.0
Rwanda,1992,38700.0
Sierra Leone,1992,2820.0
Sri Lanka,1992,900.0
Tanzania,1992,49680.0
Thailand,1992,69840.0
Togo,1992,18780.0
Trinidad & Tobago,1992,120.0
Uganda,1992,117660.0
Venezuela,1992,8160.0
Viet Nam,1992,116280.0
Yemen,1992,2220.0
Zambia,1992,1860.0
Zimbabwe,1992,9720.0
Angola,1993,2340.0
Bolivia (Plurinational State of),1993,2820.0
Brazil,1993,1070280.0
Burundi,1993,25080.0
Cameroon,1993,42300.0
Central African Republic,1993,8220.0
Colombia,1993,814080.0
Congo,1993,60.0
Costa Rica,1993,141840.0
Côte d'Ivoire,1993,241980.0
Cuba,1993,6960.0
Democratic Republic of Congo,1993,55200.0
Dominican Republic,1993,19860.0
Ecuador,1993,95940.0
El Salvador,1993,176820.0
Equatorial Guinea,1993,120.0
Ethiopia,1993,70020.0
Gabon,1993,120.0
Ghana,1993,2820.0
Guatemala,1993,225060.0
Guinea,1993,900.0
Haiti,1993,9540.0
Honduras,1993,102300.0
India,1993,126120.0
Indonesia,1993,339720.0
Jamaica,1993,1440.0
Kenya,1993,86340.0
Lao People's Democratic Republic,1993,8520.0
Madagascar,1993,37680.0
Malawi,1993,6240.0
Mexico,1993,195840.0
Nicaragua,1993,28560.0
Nigeria,1993,600.0
Panama,1993,7740.0
Papua New Guinea,1993,63300.0
Paraguay,1993,3480.0
Peru,1993,46500.0
Philippines,1993,2100.0
Rwanda,1993,28860.0
Sierra Leone,1993,2460.0
Sri Lanka,1993,840.0
Tanzania,1993,62220.0
Thailand,1993,58920.0
Togo,1993,13080.0
Trinidad & Tobago,1993,600.0
Uganda,1993,109740.0
Venezuela,1993,31500.0
Viet Nam,1993,124320.0
Yemen,1993,3060.0
Zambia,1993,1380.0
Zimbabwe,1993,4200.0
Angola,1994,480.0
Bolivia (Plurinational State of),1994,5040.0
Brazil,1994,1036380.0
Burundi,1994,30480.0
Cameroon,1994,32760.0
Central African Republic,1994,8220.0
Colombia,1994,706080.0
Congo,1994,60.0
Costa Rica,1994,126300.0
Côte d'Ivoire,1994,146640.0
Cuba,1994,8160.0
Democratic Republic of Congo,1994,45660.0
Dominican Republic,1994,19920.0
Ecuador,1994,128700.0
El Salvador,1994,125580.0
Equatorial Guinea,1994,60.0
Ethiopia,1994,88500.0
Gabon,1994,300.0
Ghana,1994,660.0
Guatemala,1994,196440.0
Guinea,1994,3000.0
Haiti,1994,6180.0
Honduras,1994,103080.0
India,1994,149760.0
Indonesia,1994,276300.0
Jamaica,1994,960.0
Kenya,1994,81480.0
Lao People's Democratic Republic,1994,9180.0
Madagascar,1994,26160.0
Malawi,1994,4680.0
Mexico,1994,167340.0
Nicaragua,1994,37440.0
Nigeria,1994,480.0
Panama,1994,4560.0
Papua New Guinea,1994,69420.0
Paraguay,1994,2880.0
Peru,1994,63420.0
Philippines,1994,7560.0
Rwanda,1994,1800.0
Sierra Leone,1994,3720.0
Sri Lanka,1994,2820.0
Tanzania,1994,37920.0
Thailand,1994,68160.0
Togo,1994,9960.0
Trinidad & Tobago,1994,300.0
Uganda,1994,202140.0
Venezuela,1994,23160.0
Viet Nam,1994,163260.0
Yemen,1994,5580.0
Zambia,1994,1440.0
Zimbabwe,1994,1920.0
Angola,1995,2460.0
Bolivia (Plurinational State of),1995,5640.0
Brazil,1995,868080.0
Burundi,1995,31680.0
Cameroon,1995,24420.0
Central African Republic,1995,13920.0
Colombia,1995,588840.0
Congo,1995,1140.0
Costa Rica,1995,124020.0
Côte d'Ivoire,1995,149640.0
Cuba,1995,7320.0
Democratic Republic of Congo,1995,63060.0
Dominican Republic,1995,27060.0
Ecuador,1995,92400.0
El Salvador,1995,108420.0
Equatorial Guinea,1995,180.0
Ethiopia,1995,76560.0
Gabon,1995,180.0
Ghana,1995,2280.0
Guatemala,1995,222060.0
Guinea,1995,9120.0
Haiti,1995,9120.0
Honduras,1995,107760.0
India,1995,148020.0
Indonesia,1995,236820.0
Jamaica,1995,1560.0
Kenya,1995,87000.0
Lao People's Democratic Republic,1995,9900.0
Madagascar,1995,35100.0
Malawi,1995,5520.0
Mexico,1995,217560.0
Nicaragua,1995,40860.0
Nigeria,1995,900.0
Panama,1995,10860.0
Papua New Guinea,1995,60120.0
Paraguay,1995,1260.0
Peru,1995,105600.0
Philippines,1995,3420.0
Rwanda,1995,18840.0
Sierra Leone,1995,4260.0
Sri Lanka,1995,1320.0
Tanzania,1995,44700.0
Thailand,1995,72600.0
Togo,1995,12000.0
Trinidad & Tobago,1995,240.0
Uganda,1995,184740.0
Venezuela,1995,5820.0
Viet Nam,1995,212760.0
Yemen,1995,4620.0
Zambia,1995,1260.0
Zimbabwe,1995,9420.0
Angola,1996,3120.0
Bolivia (Plurinational State of),1996,7380.0
Brazil,1996,915060.0
Burundi,1996,13440.0
Cameroon,1996,33840.0
Central African Republic,1996,5880.0
Colombia,1996,635280.0
Congo,1996,780.0
Costa Rica,1996,145800.0
Côte d'Ivoire,1996,165060.0
Cuba,1996,6720.0
Democratic Republic of Congo,1996,52920.0
Dominican Republic,1996,27180.0
Ecuador,1996,92340.0
El Salvador,1996,138840.0
Equatorial Guinea,1996,120.0
Ethiopia,1996,110280.0
Gabon,1996,120.0
Ghana,1996,240.0
Guatemala,1996,238740.0
Guinea,1996,1920.0
Haiti,1996,9360.0
Honduras,1996,123600.0
India,1996,186180.0
Indonesia,1996,386400.0
Jamaica,1996,1620.0
Kenya,1996,114120.0
Lao People's Democratic Republic,1996,8640.0
Madagascar,1996,43080.0
Malawi,1996,3600.0
Mexico,1996,277980.0
Nicaragua,1996,49320.0
Nigeria,1996,420.0
Panama,1996,8340.0
Papua New Guinea,1996,65400.0
Paraguay,1996,960.0
Peru,1996,100740.0
Philippines,1996,1620.0
Rwanda,1996,15900.0
Sierra Leone,1996,1740.0
Sri Lanka,1996,720.0
Tanzania,1996,58200.0
Thailand,1996,52380.0
Togo,1996,5100.0
Trinidad & Tobago,1996,240.0
Uganda,1996,279300.0
Venezuela,1996,29700.0
Viet Nam,1996,226740.0
Yemen,1996,2520.0
Zambia,1996,2160.0
Zimbabwe,1996,9000.0
Angola,1997,3000.0
Bolivia (Plurinational State of),1997,6660.0
Brazil,1997,1008060.0
Burundi,1997,31740.0
Cameroon,1997,82080.0
Central African Republic,1997,12180.0
Colombia,1997,655140.0
Congo,1997,180.0
Costa Rica,1997,125940.0
Côte d'Ivoire,1997,282780.0
Cuba,1997,6420.0
Democratic Republic of Congo,1997,32640.0
Dominican Republic,1997,18420.0
Ecuador,1997,62700.0
El Salvador,1997,166320.0
Equatorial Guinea,1997,60.0
Ethiopia,1997,118800.0
Ghana,1997,1800.0
Guatemala,1997,254640.0
Guinea,1997,6840.0
Haiti,1997,6060.0
Honduras,1997,103320.0
India,1997,158400.0
Indonesia,1997,345300.0
Jamaica,1997,1800.0
Kenya,1997,69540.0
Lao People's Democratic Republic,1997,6600.0
Madagascar,1997,28800.0
Malawi,1997,3600.0
Mexico,1997,270120.0
Nicaragua,1997,42840.0
Nigeria,1997,420.0
Panama,1997,7440.0
Papua New Guinea,1997,62580.0
Paraguay,1997,2100.0
Peru,1997,98880.0
Philippines,1997,1860.0
Rwanda,1997,13080.0
Sierra Leone,1997,2820.0
Sri Lanka,1997,1260.0
Tanzania,1997,39300.0
Thailand,1997,63960.0
Togo,1997,18780.0
Trinidad & Tobago,1997,240.0
Uganda,1997,210120.0
Venezuela,1997,6300.0
Viet Nam,1997,370680.0
Yemen,1997,4800.0
Zambia,1997,2340.0
Zimbabwe,1997,6540.0
Angola,1998,3240.0
Bolivia (Plurinational State of),1998,5820.0
Brazil,1998,1088640.0
Burundi,1998,22440.0
Cameroon,1998,44760.0
Central African Republic,1998,6120.0
Colombia,1998,675600.0
Costa Rica,1998,122700.0
Côte d'Ivoire,1998,261900.0
Cuba,1998,9120.0
Democratic Republic of Congo,1998,38400.0
Dominican Republic,1998,21600.0
Ecuador,1998,63360.0
El Salvador,1998,101040.0
Equatorial Guinea,1998,120.0
Ethiopia,1998,115020.0
Gabon,1998,120.0
Ghana,1998,1080.0
Guatemala,1998,212520.0
Guinea,1998,13680.0
Haiti,1998,7620.0
Honduras,1998,139740.0
India,1998,209220.0
Indonesia,1998,335880.0
Jamaica,1998,1020.0
Kenya,1998,50460.0
Lao People's Democratic Republic,1998,6720.0
Liberia,1998,180.0
Madagascar,1998,47760.0
Malawi,1998,3540.0
Mexico,1998,203940.0
Nicaragua,1998,56460.0
Nigeria,1998,600.0
Panama,1998,8700.0
Papua New Guinea,1998,80940.0
Paraguay,1998,1140.0
Peru,1998,116940.0
Philippines,1998,1260.0
Rwanda,1998,12840.0
Sierra Leone,1998,2520.0
Sri Lanka,1998,1620.0
Tanzania,1998,44520.0
Thailand,1998,46680.0
Togo,1998,9960.0
Trinidad & Tobago,1998,300.0
Uganda,1998,197160.0
Venezuela,1998,16080.0
Viet Nam,1998,388020.0
Yemen,1998,4260.0
Zambia,1998,1980.0
Zimbabwe,1998,9180.0
Angola,1999,3000.0
Bolivia (Plurinational State of),1999,7440.0
Brazil,1999,1388940.0
Burundi,1999,24540.0
Cameroon,1999,69240.0
Central African Republic,1999,11700.0
Colombia,1999,599700.0
Costa Rica,1999,131700.0
Côte d'Ivoire,1999,144360.0
Cuba,1999,4620.0
Democratic Republic of Congo,1999,29220.0
Dominican Republic,1999,9660.0
Ecuador,1999,59280.0
El Salvador,1999,113400.0
Equatorial Guinea,1999,60.0
Ethiopia,1999,109080.0
Gabon,1999,120.0
Ghana,1999,5640.0
Guatemala,1999,280860.0
Guinea,1999,18060.0
Guyana,1999,60.0
Haiti,1999,4320.0
Honduras,1999,119220.0
India,1999,217320.0
Indonesia,1999,306900.0
Jamaica,1999,1440.0
Kenya,1999,66840.0
Lao People's Democratic Republic,1999,11460.0
Liberia,1999,900.0
Madagascar,1999,27840.0
Malawi,1999,3240.0
Mexico,1999,261480.0
Nicaragua,1999,59040.0
Nigeria,1999,540.0
Panama,1999,7080.0
Papua New Guinea,1999,79200.0
Paraguay,1999,180.0
Peru,1999,144420.0
Philippines,1999,540.0
Rwanda,1999,18840.0
Sierra Leone,1999,1380.0
Sri Lanka,1999,1020.0
Tanzania,1999,38580.0
Thailand,1999,29580.0
Togo,1999,19260.0
Trinidad & Tobago,1999,180.0
Uganda,1999,230460.0
Venezuela,1999,27840.0
Viet Nam,1999,463620.0
Yemen,1999,4080.0
Zambia,1999,3060.0
Zimbabwe,1999,7860.0
Angola,2000,1320.0
Bolivia (Plurinational State of),2000,6360.0
Brazil,2000,1080960.0
Burundi,2000,26640.0
Cameroon,2000,72300.0
Central African Republic,2000,12180.0
Colombia,2000,550620.0
Costa Rica,2000,117900.0
Côte d'Ivoire,2000,366600.0
Cuba,2000,6780.0
Democratic Republic of Congo,2000,16860.0
Dominican Republic,2000,9300.0
Ecuador,2000,41820.0
El Salvador,2000,152220.0
Ethiopia,2000,118920.0
Gabon,2000,60.0
Ghana,2000,5460.0
Guatemala,2000,291120.0
Guinea,2000,17520.0
Guyana,2000,60.0
Haiti,2000,4380.0
Honduras,2000,172740.0
India,2000,253740.0
Indonesia,2000,321480.0
Jamaica,2000,1740.0
Kenya,2000,79680.0
Lao People's Democratic Republic,2000,15300.0
Liberia,2000,240.0
Madagascar,2000,12960.0
Malawi,2000,3660.0
Mexico,2000,318240.0
Nicaragua,2000,82020.0
Nigeria,2000,420.0
Panama,2000,4320.0
Papua New Guinea,2000,62580.0
Paraguay,2000,300.0
Peru,2000,141720.0
Philippines,2000,300.0
Rwanda,2000,16200.0
Sierra Leone,2000,2400.0
Sri Lanka,2000,120.0
Tanzania,2000,44400.0
Thailand,2000,58200.0
Timor-Leste,2000,60.0
Togo,2000,16980.0
Trinidad & Tobago,2000,180.0
Uganda,2000,150780.0
Venezuela,2000,2280.0
Viet Nam,2000,697080.0
Yemen,2000,3480.0
Zambia,2000,3900.0
Zimbabwe,2000,7020.0
Angola,2001,840.0
Bolivia (Plurinational State of),2001,4200.0
Brazil,2001,1390320.0
Burundi,2001,18180.0
Cameroon,2001,67500.0
Central African Republic,2001,5640.0
Colombia,2001,596640.0
Costa Rica,2001,121080.0
Côte d'Ivoire,2001,245700.0
Cuba,2001,6540.0
Democratic Republic of Congo,2001,7980.0
Dominican Republic,2001,5820.0
Ecuador,2001,45360.0
El Salvador,2001,91980.0
Ethiopia,2001,82560.0
Gabon,2001,120.0
Ghana,2001,3420.0
Guatemala,2001,246600.0
Guinea,2001,21360.0
Guyana,2001,60.0
Haiti,2001,5220.0
Honduras,2001,143520.0
India,2001,223800.0
Indonesia,2001,314580.0
Jamaica,2001,1680.0
Kenya,2001,65760.0
Lao People's Democratic Republic,2001,11880.0
Liberia,2001,420.0
Madagascar,2001,5220.0
Malawi,2001,3840.0
Mexico,2001,199980.0
Nicaragua,2001,81900.0
Nigeria,2001,420.0
Panama,2001,3420.0
Papua New Guinea,2001,65700.0
Paraguay,2001,60.0
Peru,2001,159780.0
Philippines,2001,180.0
Rwanda,2001,16740.0
Sierra Leone,2001,2160.0
Sri Lanka,2001,240.0
Tanzania,2001,51960.0
Thailand,2001,68880.0
Timor-Leste,2001,1920.0
Togo,2001,11580.0
Trinidad & Tobago,2001,180.0
Uganda,2001,183600.0
Venezuela,2001,1560.0
Viet Nam,2001,846360.0
Yemen,2001,3960.0
Zambia,2001,6900.0
Zimbabwe,2001,6300.0
Angola,2002,540.0
Bolivia (Plurinational State of),2002,4740.0
Brazil,2002,1678920.0
Burundi,2002,17340.0
Cameroon,2002,38400.0
Central African Republic,2002,5700.0
Colombia,2002,616380.0
Costa Rica,2002,107040.0
Côte d'Ivoire,2002,195180.0
Cuba,2002,3420.0
Democratic Republic of Congo,2002,10740.0
Dominican Republic,2002,7020.0
Ecuador,2002,33900.0
El Salvador,2002,91980.0
Ethiopia,2002,123300.0
Ghana,2002,1500.0
Guatemala,2002,209460.0
Guinea,2002,8160.0
Guyana,2002,60.0
Haiti,2002,2460.0
Honduras,2002,162660.0
India,2002,213000.0
Indonesia,2002,257160.0
Jamaica,2002,1560.0
Kenya,2002,44160.0
Lao People's Democratic Republic,2002,16680.0
Liberia,2002,360.0
Madagascar,2002,8700.0
Malawi,2002,2640.0
Mexico,2002,158700.0
Nicaragua,2002,57300.0
Nigeria,2002,300.0
Panama,2002,4980.0
Papua New Guinea,2002,63420.0
Paraguay,2002,1260.0
Peru,2002,167340.0
Philippines,2002,420.0
Rwanda,2002,19800.0
Sierra Leone,2002,4800.0
Sri Lanka,2002,180.0
Tanzania,2002,29760.0
Thailand,2002,15180.0
Timor-Leste,2002,1800.0
Togo,2002,6000.0
Trinidad & Tobago,2002,120.0
Uganda,2002,201480.0
Venezuela,2002,11520.0
Viet Nam,2002,706260.0
Yemen,2002,3660.0
Zambia,2002,5940.0
Zimbabwe,2002,7140.0
Angola,2003,1020.0
Bolivia (Plurinational State of),2003,4380.0
Brazil,2003,1542660.0
Burundi,2003,28560.0
Cameroon,2003,48840.0
Central African Republic,2003,2400.0
Colombia,2003,614640.0
Costa Rica,2003,102120.0
Côte d'Ivoire,2003,158820.0
Cuba,2003,3000.0
Democratic Republic of Congo,2003,12720.0
Dominican Republic,2003,9060.0
Ecuador,2003,37260.0
El Salvador,2003,78240.0
Ethiopia,2003,133740.0
Gabon,2003,60.0
Ghana,2003,1500.0
Guatemala,2003,229260.0
Guinea,2003,21300.0
Guyana,2003,60.0
Haiti,2003,2220.0
Honduras,2003,145500.0
India,2003,222420.0
Indonesia,2003,287700.0
Jamaica,2003,1500.0
Kenya,2003,55200.0
Lao People's Democratic Republic,2003,13980.0
Liberia,2003,420.0
Madagascar,2003,7140.0
Malawi,2003,2940.0
Mexico,2003,155760.0
Nepal,2003,120.0
Nicaragua,2003,60780.0
Nigeria,2003,540.0
Panama,2003,5160.0
Papua New Guinea,2003,68820.0
Paraguay,2003,1860.0
Peru,2003,150180.0
Philippines,2003,720.0
Rwanda,2003,14700.0
Sierra Leone,2003,2040.0
Sri Lanka,2003,360.0
Tanzania,2003,52980.0
Thailand,2003,10860.0
Timor-Leste,2003,2760.0
Togo,2003,4320.0
Trinidad & Tobago,2003,120.0
Uganda,2003,151320.0
Venezuela,2003,15600.0
Viet Nam,2003,697860.0
Yemen,2003,3300.0
Zambia,2003,7800.0
Zimbabwe,2003,5820.0
Angola,2004,360.0
Bolivia (Plurinational State of),2004,5580.0
Brazil,2004,1588680.0
Burundi,2004,20340.0
Cameroon,2004,44040.0
Central African Republic,2004,3840.0
Colombia,2004,611640.0
Costa Rica,2004,85440.0
Côte d'Ivoire,2004,154380.0
Cuba,2004,1500.0
Democratic Republic of Congo,2004,15180.0
Dominican Republic,2004,2760.0
Ecuador,2004,42240.0
El Salvador,2004,79680.0
Ethiopia,2004,149460.0
Ghana,2004,1320.0
Guatemala,2004,198600.0
Guinea,2004,17760.0
Guyana,2004,60.0
Haiti,2004,1920.0
Honduras,2004,166740.0
India,2004,218820.0
Indonesia,2004,327360.0
Jamaica,2004,1740.0
Kenya,2004,45240.0
Lao People's Democratic Republic,2004,16020.0
Madagascar,2004,7620.0
Malawi,2004,1560.0
Mexico,2004,141720.0
Nepal,2004,60.0
Nicaragua,2004,78660.0
Nigeria,2004,360.0
Panama,2004,5940.0
Papua New Guinea,2004,62880.0
Paraguay,2004,1020.0
Peru,2004,191040.0
Philippines,2004,1740.0
Rwanda,2004,27000.0
Sierra Leone,2004,1380.0
Sri Lanka,2004,420.0
Tanzania,2004,33180.0
Thailand,2004,25200.0
Timor-Leste,2004,1320.0
Togo,2004,8940.0
Trinidad & Tobago,2004,120.0
Uganda,2004,157620.0
Venezuela,2004,10200.0
Viet Nam,2004,891540.0
Yemen,2004,2700.0
Zambia,2004,6240.0
Zimbabwe,2004,6780.0
Angola,2005,300.0
Bolivia (Plurinational State of),2005,5040.0
Brazil,2005,1571880.0
Burundi,2005,22260.0
Cameroon,2005,42240.0
Central African Republic,2005,2820.0
Colombia,2005,652260.0
Costa Rica,2005,88800.0
Côte d'Ivoire,2005,105240.0
Cuba,2005,1440.0
Democratic Republic of Congo,2005,9480.0
Dominican Republic,2005,2520.0
Ecuador,2005,59580.0
El Salvador,2005,76800.0
Ethiopia,2005,146100.0
Ghana,2005,1080.0
Guatemala,2005,207960.0
Guinea,2005,16740.0
Guyana,2005,60.0
Haiti,2005,1500.0
Honduras,2005,143520.0
India,2005,169740.0
Indonesia,2005,404640.0
Jamaica,2005,900.0
Kenya,2005,40380.0
Lao People's Democratic Republic,2005,14220.0
Liberia,2005,60.0
Madagascar,2005,5760.0
Malawi,2005,1260.0
Mexico,2005,119100.0
Nepal,2005,60.0
Nicaragua,2005,60180.0
Nigeria,2005,480.0
Panama,2005,5400.0
Papua New Guinea,2005,72000.0
Paraguay,2005,1440.0
Peru,2005,142140.0
Philippines,2005,2040.0
Rwanda,2005,14160.0
Sierra Leone,2005,1200.0
Sri Lanka,2005,180.0
Tanzania,2005,42720.0
Thailand,2005,22500.0
Timor-Leste,2005,1080.0
Togo,2005,9840.0
Trinidad & Tobago,2005,60.0
Uganda,2005,142140.0
Venezuela,2005,1320.0
Viet Nam,2005,805920.0
Yemen,2005,4680.0
Zambia,2005,6360.0
Zimbabwe,2005,4260.0
Angola,2006,300.0
Bolivia (Plurinational State of),2006,5580.0
Brazil,2006,1642140.0
Burundi,2006,16860.0
Cameroon,2006,44340.0
Central African Republic,2006,1020.0
Colombia,2006,656700.0
Costa Rica,2006,78600.0
Côte d'Ivoire,2006,105060.0
Cuba,2006,960.0
Democratic Republic of Congo,2006,8280.0
Dominican Republic,2006,7500.0
Ecuador,2006,60900.0
El Salvador,2006,77580.0
Ethiopia,2006,176160.0
Gabon,2006,60.0
Ghana,2006,540.0
Guatemala,2006,198720.0
Guinea,2006,31140.0
Guyana,2006,120.0
Haiti,2006,1440.0
Honduras,2006,173880.0
India,2006,214680.0
Indonesia,2006,316800.0
Jamaica,2006,1500.0
Kenya,2006,35820.0
Lao People's Democratic Republic,2006,7200.0
Madagascar,2006,10740.0
Malawi,2006,1020.0
Mexico,2006,154200.0
Nepal,2006,60.0
Nicaragua,2006,86700.0
Nigeria,2006,1680.0
Panama,2006,6420.0
Papua New Guinea,2006,50940.0
Paraguay,2006,1500.0
Peru,2006,232860.0
Philippines,2006,2280.0
Rwanda,2006,23340.0
Sierra Leone,2006,3060.0
Sri Lanka,2006,420.0
Tanzania,2006,43920.0
Thailand,2006,32400.0
Timor-Leste,2006,2940.0
Togo,2006,7080.0
Trinidad & Tobago,2006,60.0
Uganda,2006,130380.0
Venezuela,2006,3900.0
Viet Nam,2006,834300.0
Yemen,2006,3660.0
Zambia,2006,4680.0
Zimbabwe,2006,3240.0
Angola,2007,240.0
Bolivia (Plurinational State of),2007,5040.0
Brazil,2007,1691040.0
Burundi,2007,21360.0
Cameroon,2007,43260.0
Central African Republic,2007,7320.0
Colombia,2007,678000.0
Costa Rica,2007,81840.0
Côte d'Ivoire,2007,131760.0
Cuba,2007,960.0
Democratic Republic of Congo,2007,12000.0
Dominican Republic,2007,4680.0
Ecuador,2007,59460.0
El Salvador,2007,72600.0
Ethiopia,2007,156240.0
Ghana,2007,1320.0
Guatemala,2007,223560.0
Guinea,2007,26160.0
Guyana,2007,120.0
Haiti,2007,1260.0
Honduras,2007,198720.0
India,2007,199140.0
Indonesia,2007,248940.0
Jamaica,2007,1380.0
Kenya,2007,49020.0
Lao People's Democratic Republic,2007,15120.0
Liberia,2007,120.0
Madagascar,2007,5940.0
Malawi,2007,1140.0
Mexico,2007,174720.0
Nepal,2007,120.0
Nicaragua,2007,75540.0
Nigeria,2007,540.0
Panama,2007,6540.0
Papua New Guinea,2007,54540.0
Paraguay,2007,1860.0
Peru,2007,172740.0
Philippines,2007,1920.0
Rwanda,2007,15360.0
Sierra Leone,2007,3060.0
Sri Lanka,2007,240.0
Tanzania,2007,48420.0
Thailand,2007,21900.0
Timor-Leste,2007,1860.0
Togo,2007,9300.0
Trinidad & Tobago,2007,60.0
Uganda,2007,161580.0
Venezuela,2007,4200.0
Viet Nam,2007,1076160.0
Yemen,2007,4320.0
Zambia,2007,3240.0
Zimbabwe,2007,1920.0
Angola,2008,360.0
Bolivia (Plurinational State of),2008,4080.0
Brazil,2008,1770600.0
Burundi,2008,15060.0
Cameroon,2008,31620.0
Central African Republic,2008,1980.0
Colombia,2008,665100.0
Costa Rica,2008,86400.0
Côte d'Ivoire,2008,89400.0
Cuba,2008,240.0
Democratic Republic of Congo,2008,12180.0
Dominican Republic,2008,4920.0
Ecuador,2008,52080.0
El Salvador,2008,86280.0
Ethiopia,2008,171120.0
Ghana,2008,2160.0
Guatemala,2008,226680.0
Guinea,2008,12480.0
Guyana,2008,120.0
Haiti,2008,1020.0
Honduras,2008,195540.0
India,2008,202620.0
Indonesia,2008,344460.0
Jamaica,2008,1260.0
Kenya,2008,36480.0
Lao People's Democratic Republic,2008,15480.0
Liberia,2008,120.0
Madagascar,2008,11760.0
Malawi,2008,1260.0
Mexico,2008,146880.0
Nepal,2008,60.0
Nicaragua,2008,97500.0
Nigeria,2008,120.0
Panama,2008,6840.0
Papua New Guinea,2008,65760.0
Paraguay,2008,60.0
Peru,2008,223980.0
Philippines,2008,240.0
Rwanda,2008,19560.0
Sierra Leone,2008,1560.0
Sri Lanka,2008,120.0
Tanzania,2008,49080.0
Thailand,2008,10500.0
Timor-Leste,2008,3000.0
Togo,2008,7260.0
Trinidad & Tobago,2008,60.0
Uganda,2008,198660.0
Venezuela,2008,7500.0
Viet Nam,2008,966060.0
Yemen,2008,4020.0
Zambia,2008,2880.0
Zimbabwe,2008,1380.0
Angola,2009,420.0
Bolivia (Plurinational State of),2009,4980.0
Brazil,2009,1822680.0
Burundi,2009,17340.0
Cameroon,2009,37080.0
Central African Republic,2009,3720.0
Colombia,2009,473640.0
Costa Rica,2009,74160.0
Côte d'Ivoire,2009,108420.0
Cuba,2009,420.0
Democratic Republic of Congo,2009,9660.0
Dominican Republic,2009,6120.0
Ecuador,2009,65160.0
El Salvador,2009,78540.0
Ethiopia,2009,111060.0
Gabon,2009,60.0
Ghana,2009,1440.0
Guatemala,2009,209580.0
Guinea,2009,26340.0
Guyana,2009,60.0
Haiti,2009,960.0
Honduras,2009,185040.0
India,2009,180420.0
Indonesia,2009,474420.0
Jamaica,2009,1500.0
Kenya,2009,31500.0
Lao People's Democratic Republic,2009,15840.0
Liberia,2009,540.0
Madagascar,2009,2400.0
Malawi,2009,1080.0
Mexico,2009,170280.0
Nepal,2009,120.0
Nicaragua,2009,82440.0
Nigeria,2009,60.0
Panama,2009,3540.0
Papua New Guinea,2009,61620.0
Peru,2009,184440.0
Philippines,2009,420.0
Rwanda,2009,18240.0
Sierra Leone,2009,6240.0
Sri Lanka,2009,60.0
Tanzania,2009,69420.0
Thailand,2009,11100.0
Timor-Leste,2009,2580.0
Togo,2009,9120.0
Uganda,2009,180840.0
Venezuela,2009,1080.0
Viet Nam,2009,1023120.0
Yemen,2009,2340.0
Zambia,2009,1980.0
Zimbabwe,2009,1080.0
Angola,2010,240.0
Bolivia (Plurinational State of),2010,4680.0
Brazil,2010,1990020.0
Burundi,2010,18420.0
Cameroon,2010,47640.0
Central African Republic,2010,5700.0
Colombia,2010,469320.0
Costa Rica,2010,72000.0
Côte d'Ivoire,2010,114720.0
Cuba,2010,300.0
Democratic Republic of Congo,2010,9720.0
Dominican Republic,2010,2460.0
Ecuador,2010,72120.0
El Salvador,2010,64920.0
Ethiopia,2010,199440.0
Gabon,2010,60.0
Ghana,2010,420.0
Guatemala,2010,208080.0
Guinea,2010,24360.0
Guyana,2010,60.0
Haiti,2010,540.0
Honduras,2010,200940.0
India,2010,278820.0
Indonesia,2010,329340.0
Jamaica,2010,900.0
Kenya,2010,31860.0
Lao People's Democratic Republic,2010,17280.0
Liberia,2010,420.0
Madagascar,2010,4440.0
Malawi,2010,480.0
Mexico,2010,149880.0
Nepal,2010,60.0
Nicaragua,2010,102720.0
Nigeria,2010,180.0
Panama,2010,3900.0
Papua New Guinea,2010,55740.0
Peru,2010,229020.0
Philippines,2010,360.0
Rwanda,2010,17760.0
Sierra Leone,2010,3480.0
Sri Lanka,2010,120.0
Tanzania,2010,33360.0
Thailand,2010,22200.0
Timor-Leste,2010,4080.0
Togo,2010,11880.0
Trinidad & Tobago,2010,60.0
Uganda,2010,159420.0
Venezuela,2010,1140.0
Viet Nam,2010,853740.0
Yemen,2010,2640.0
Zambia,2010,1080.0
Zimbabwe,2010,420.0
Angola,2011,480.0
Bolivia (Plurinational State of),2011,4440.0
Brazil,2011,2028360.0
Burundi,2011,13080.0
Cameroon,2011,29400.0
Central African Republic,2011,4680.0
Colombia,2011,464040.0
Costa Rica,2011,74580.0
Côte d'Ivoire,2011,46320.0
Cuba,2011,600.0
Democratic Republic of Congo,2011,7920.0
Dominican Republic,2011,5340.0
Ecuador,2011,91920.0
El Salvador,2011,109560.0
Ethiopia,2011,160500.0
Gabon,2011,60.0
Ghana,2011,4320.0
Guatemala,2011,221820.0
Guinea,2011,23100.0
Guyana,2011,60.0
Haiti,2011,540.0
Honduras,2011,236820.0
India,2011,324840.0
Indonesia,2011,235200.0
Jamaica,2011,960.0
Kenya,2011,36540.0
Lao People's Democratic Republic,2011,25260.0
Liberia,2011,480.0
Madagascar,2011,8640.0
Malawi,2011,1560.0
Mexico,2011,174420.0
Nepal,2011,240.0
Nicaragua,2011,88080.0
Nigeria,2011,420.0
Panama,2011,3180.0
Papua New Guinea,2011,73500.0
Peru,2011,281820.0
Philippines,2011,600.0
Rwanda,2011,16620.0
Sierra Leone,2011,2220.0
Sri Lanka,2011,120.0
Tanzania,2011,47880.0
Thailand,2011,14580.0
Timor-Leste,2011,2340.0
Togo,2011,9300.0
Uganda,2011,188520.0
Viet Nam,2011,1063020.0
Yemen,2011,2100.0
Zambia,2011,540.0
Zimbabwe,2011,300.0
Angola,2012,480.0
Bolivia (Plurinational State of),2012,3780.0
Brazil,2012,1712940.0
Burundi,2012,23520.0
Cameroon,2012,37320.0
Central African Republic,2012,4680.0
Colombia,2012,430200.0
Costa Rica,2012,82440.0
Côte d'Ivoire,2012,102720.0
Cuba,2012,900.0
Democratic Republic of Congo,2012,8760.0
Dominican Republic,2012,8220.0
Ecuador,2012,94800.0
El Salvador,2012,62640.0
Ethiopia,2012,192180.0
Ghana,2012,1800.0
Guatemala,2012,225000.0
Guinea,2012,22620.0
Guyana,2012,120.0
Haiti,2012,660.0
Honduras,2012,330480.0
India,2012,302640.0
Indonesia,2012,492360.0
Jamaica,2012,900.0
Kenya,2012,48180.0
Lao People's Democratic Republic,2012,21600.0
Liberia,2012,180.0
Madagascar,2012,4740.0
Malawi,2012,1200.0
Mexico,2012,213360.0
Nepal,2012,60.0
Nicaragua,2012,119220.0
Nigeria,2012,120.0
Panama,2012,3060.0
Papua New Guinea,2012,55500.0
Peru,2012,258600.0
Philippines,2012,180.0
Rwanda,2012,15060.0
Sierra Leone,2012,3900.0
Tanzania,2012,45360.0
Thailand,2012,21000.0
Timor-Leste,2012,3360.0
Togo,2012,8820.0
Trinidad & Tobago,2012,60.0
Uganda,2012,161100.0
Venezuela,2012,120.0
Viet Nam,2012,1375200.0
Yemen,2012,3780.0
Zambia,2012,420.0
Zimbabwe,2012,240.0
Angola,2013,360.0
Bolivia (Plurinational State of),2013,3300.0
Brazil,2013,1899060.0
Burundi,2013,11700.0
Cameroon,2013,16320.0
Central African Republic,2013,60.0
Colombia,2013,580200.0
Costa Rica,2013,80640.0
Côte d'Ivoire,2013,117720.0
Cuba,2013,720.0
Democratic Republic of Congo,2013,8400.0
Dominican Republic,2013,3900.0
Ecuador,2013,75720.0
El Salvador,2013,66180.0
Ethiopia,2013,172200.0
Ghana,2013,1380.0
Guatemala,2013,214500.0
Guinea,2013,8040.0
Guyana,2013,60.0
Haiti,2013,480.0
Honduras,2013,251100.0
India,2013,301980.0
Indonesia,2013,555300.0
Jamaica,2013,900.0
Kenya,2013,48900.0
Lao People's Democratic Republic,2013,24000.0
Liberia,2013,240.0
Madagascar,2013,9960.0
Malawi,2013,1740.0
Mexico,2013,187920.0
Nepal,2013,60.0
Nicaragua,2013,99660.0
Nigeria,2013,60.0
Panama,2013,2940.0
Papua New Guinea,2013,48660.0
Peru,2013,224160.0
Philippines,2013,360.0
Rwanda,2013,15240.0
Sierra Leone,2013,3420.0
Tanzania,2013,56100.0
Thailand,2013,2940.0
Timor-Leste,2013,4200.0
Togo,2013,5460.0
Trinidad & Tobago,2013,120.0
Uganda,2013,220320.0
Venezuela,2013,360.0
Viet Nam,2013,1183080.0
Yemen,2013,3300.0
Zambia,2013,600.0
Zimbabwe,2013,120.0
Angola,2014,540.0
Bolivia (Plurinational State of),2014,3720.0
Burundi,2014,15120.0
Cameroon,2014,22500.0
Central African Republic,2014,4500.0
Colombia,2014,657240.0
Costa Rica,2014,72540.0
Côte d'Ivoire,2014,89340.0
Cuba,2014,780.0
Democratic Republic of Congo,2014,9060.0
Dominican Republic,2014,2700.0
Ecuador,2014,67740.0
El Salvador,2014,27720.0
Ethiopia,2014,187020.0
Ghana,2014,1560.0
Guatemala,2014,182580.0
Guinea,2014,1440.0
Guyana,2014,780.0
Haiti,2014,180.0
Honduras,2014,255120.0
India,2014,307860.0
Indonesia,2014,370500.0
Jamaica,2014,600.0
Kenya,2014,47940.0
Lao People's Democratic Republic,2014,22200.0
Liberia,2014,60.0
Madagascar,2014,8280.0
Malawi,2014,1560.0
Mexico,2014,148800.0
Nepal,2014,60.0
Nicaragua,2014,114060.0
Nigeria,2014,60.0
Panama,2014,3060.0
Papua New Guinea,2014,48420.0
Peru,2014,163200.0
Philippines,2014,720.0
Rwanda,2014,15360.0
Sierra Leone,2014,1440.0
Sri Lanka,2014,120.0
Tanzania,2014,43080.0
Thailand,2014,1620.0
Timor-Leste,2014,6660.0
Togo,2014,8040.0
Trinidad & Tobago,2014,120.0
Uganda,2014,206520.0
Viet Nam,2014,1565820.0
Yemen,2014,3420.0
Zambia,2014,300.0
Zimbabwe,2014,660.0
Angola,2015,660.0
Bolivia (Plurinational State of),2015,1800.0
Burundi,2015,13800.0
Cameroon,2015,23400.0
Central African Republic,2015,2580.0
Colombia,2015,762960.0
Costa Rica,2015,67680.0
Côte d'Ivoire,2015,85080.0
Cuba,2015,780.0
Democratic Republic of Congo,2015,7680.0
Dominican Republic,2015,1140.0
Ecuador,2015,52140.0
El Salvador,2015,34560.0
Ethiopia,2015,179100.0
Ghana,2015,2400.0
Guatemala,2015,177660.0
Guinea,2015,9120.0
Guyana,2015,120.0
Haiti,2015,180.0
Honduras,2015,301800.0
India,2015,315720.0
Indonesia,2015,502740.0
Jamaica,2015,720.0
Kenya,2015,42720.0
Lao People's Democratic Republic,2015,24180.0
Liberia,2015,240.0
Madagascar,2015,3540.0
Malawi,2015,1080.0
Mexico,2015,147480.0
Nepal,2015,120.0
Nicaragua,2015,105180.0
Nigeria,2015,180.0
Panama,2015,3000.0
Papua New Guinea,2015,42660.0
Peru,2015,167400.0
Philippines,2015,900.0
Rwanda,2015,15780.0
Sierra Leone,2015,3240.0
Tanzania,2015,42540.0
Thailand,2015,34680.0
Timor-Leste,2015,4080.0
Togo,2015,10680.0
Trinidad & Tobago,2015,120.0
Uganda,2015,215760.0
Venezuela,2015,60.0
Viet Nam,2015,1316640.0
Yemen,2015,3120.0
Zambia,2015,180.0
Zimbabwe,2015,660.0
Angola,2016,660.0
Bolivia (Plurinational State of),2016,1320.0
Brazil,2016,2056140.0
Burundi,2016,12240.0
Cameroon,2016,16860.0
Central African Republic,2016,4800.0
Colombia,2016,769860.0
Costa Rica,2016,60420.0
Côte d'Ivoire,2016,85920.0
Cuba,2016,900.0
Democratic Republic of Congo,2016,10260.0
Dominican Republic,2016,1140.0
Ecuador,2016,55380.0
El Salvador,2016,29760.0
Ethiopia,2016,180060.0
Ghana,2016,1620.0
Guatemala,2016,179460.0
Guinea,2016,15000.0
Guyana,2016,120.0
Haiti,2016,60.0
Honduras,2016,318360.0
India,2016,365160.0
Indonesia,2016,392700.0
Jamaica,2016,660.0
Kenya,2016,43620.0
Lao People's Democratic Republic,2016,23160.0
Liberia,2016,180.0
Madagascar,2016,4560.0
Malawi,2016,1320.0
Mexico,2016,133980.0
Nepal,2016,120.0
Nicaragua,2016,117780.0
Nigeria,2016,60.0
Panama,2016,3360.0
Papua New Guinea,2016,67980.0
Peru,2016,237600.0
Philippines,2016,780.0
Rwanda,2016,14640.0
Sierra Leone,2016,1560.0
Sri Lanka,2016,60.0
Tanzania,2016,54300.0
Thailand,2016,7860.0
Timor-Leste,2016,4080.0
Togo,2016,4500.0
Trinidad & Tobago,2016,120.0
Uganda,2016,212580.0
Viet Nam,2016,1783260.0
Yemen,2016,2280.0
Zambia,2016,600.0
Zimbabwe,2016,720.0
Angola,2017,540.0
Bolivia (Plurinational State of),2017,1560.0
Brazil,2017,1855500.0
Burundi,2017,10140.0
Cameroon,2017,14700.0
Central African Republic,2017,1080.0
Colombia,2017,779100.0
Costa Rica,2017,59220.0
Côte d'Ivoire,2017,51300.0
Cuba,2017,900.0
Democratic Republic of Congo,2017,5340.0
Dominican Republic,2017,1440.0
Ecuador,2017,41700.0
El Salvador,2017,31620.0
Ethiopia,2017,226380.0
Ghana,2017,1020.0
Guatemala,2017,202980.0
Guinea,2017,12960.0
Guyana,2017,60.0
Haiti,2017,120.0
Honduras,2017,440460.0
India,2017,392520.0
Indonesia,2017,491880.0
Jamaica,2017,600.0
Kenya,2017,42600.0
Lao People's Democratic Republic,2017,23160.0
Liberia,2017,660.0
Madagascar,2017,3480.0
Malawi,2017,780.0
Mexico,2017,174660.0
Nepal,2017,60.0
Nicaragua,2017,146940.0
Nigeria,2017,180.0
Panama,2017,3000.0
Papua New Guinea,2017,47640.0
Peru,2017,236760.0
Philippines,2017,540.0
Rwanda,2017,14760.0
Sierra Leone,2017,2100.0
Sri Lanka,2017,120.0
Tanzania,2017,39840.0
Thailand,2017,8460.0
Timor-Leste,2017,5160.0
Togo,2017,1620.0
Trinidad & Tobago,2017,120.0
Uganda,2017,286440.0
Viet Nam,2017,1505520.0
Yemen,2017,2760.0
Zambia,2017,780.0
Zimbabwe,2017,120.0
Angola,2018,540.0
Bolivia (Plurinational State of),2018,1320.0
Brazil,2018,2138220.0
Burundi,2018,12120.0
Cameroon,2018,17220.0
Central African Republic,2018,2340.0
Colombia,2018,768480.0
Costa Rica,2018,72480.0
Côte d'Ivoire,2018,91320.0
Cuba,2018,1980.0
Democratic Republic of Congo,2018,11280.0
Dominican Republic,2018,1920.0
Ecuador,2018,28980.0
El Salvador,2018,34260.0
Ethiopia,2018,215340.0
Ghana,2018,720.0
Guatemala,2018,199620.0
Guinea,2018,9420.0
Guyana,2018,60.0
Haiti,2018,120.0
Honduras,2018,428640.0
India,2018,358020.0
Indonesia,2018,272340.0
Jamaica,2018,600.0
Kenya,2018,45180.0
Lao People's Democratic Republic,2018,21660.0
Liberia,2018,480.0
Madagascar,2018,360.0
Malawi,2018,720.0
Mexico,2018,173280.0
Nepal,2018,120.0
Nicaragua,2018,138000.0
Nigeria,2018,180.0
Panama,2018,2820.0
Papua New Guinea,2018,52200.0
Peru,2018,243840.0
Philippines,2018,240.0
Rwanda,2018,21000.0
Sierra Leone,2018,1620.0
Sri Lanka,2018,120.0
Tanzania,2018,51360.0
Thailand,2018,15480.0
Timor-Leste,2018,7740.0
Togo,2018,6660.0
Trinidad & Tobago,2018,180.0
Uganda,2018,253380.0
Venezuela,2018,4320.0
Viet Nam,2018,1883100.0
Yemen,2018,2520.0
Zambia,2018,1560.0
Zimbabwe,2018,300.0
Angola,2019,1380.0
Bolivia (Plurinational State of),2019,1200.0
Burundi,2019,17580.0
Cameroon,2019,15000.0
Central African Republic,2019,1140.0
Colombia,2019,820320.0
Costa Rica,2019,62340.0
Côte d'Ivoire,2019,126240.0
Cuba,2019,1320.0
Democratic Republic of Congo,2019,12300.0
Dominican Republic,2019,1620.0
Ecuador,2019,30360.0
El Salvador,2019,32760.0
Ethiopia,2019,235260.0
Ghana,2019,600.0
Guatemala,2019,216780.0
Guinea,2019,4140.0
Guyana,2019,60.0
Haiti,2019,120.0
Honduras,2019,405900.0
India,2019,361680.0
Indonesia,2019,380040.0
Jamaica,2019,540.0
Kenya,2019,50160.0
Lao People's Democratic Republic,2019,34500.0
Liberia,2019,60.0
Madagascar,2019,240.0
Malawi,2019,960.0
Mexico,2019,157620.0
Nepal,2019,60.0
Nicaragua,2019,177240.0
Nigeria,2019,120.0
Panama,2019,3060.0
Papua New Guinea,2019,47220.0
Peru,2019,226320.0
Philippines,2019,420.0
Rwanda,2019,23340.0
Sierra Leone,2019,2820.0
Sri Lanka,2019,60.0
Tanzania,2019,64140.0
Thailand,2019,10440.0
Timor-Leste,2019,7020.0
Togo,2019,3480.0
Trinidad & Tobago,2019,120.0
Uganda,2019,271560.0
Venezuela,2019,3180.0
Viet Nam,2019,1644000.0
Yemen,2019,720.0
Zambia,2019,1620.0
Zimbabwe,2019,360.0
