Country,Year,Import_tonnes
Austria,1990,112800.0
Belgium/Luxembourg,1990,120900.0
Bulgaria,1990,16080.0
Cyprus,1990,3000.0
Czechia,1990,39540.0
Denmark,1990,57540.0
Finland,1990,65700.0
France,1990,378060.0
Germany,1990,820260.0
Greece,1990,38520.0
Hungary,1990,34440.0
Ireland,1990,7740.0
Italy,1990,314520.0
Malta,1990,1260.0
Netherlands,1990,187680.0
Poland,1990,26100.0
Portugal,1990,33120.0
Romania,1990,26520.0
Spain,1990,183180.0
Sweden,1990,106020.0
Japan,1990,319800.0
Norway,1990,44520.0
Switzerland,1990,70260.0
Tunisia,1990,6060.0
United Kingdom,1990,173880.0
United States of America,1990,1260420.0
Austria,1991,123480.0
Belgium/Luxembourg,1991,104760.0
Bulgaria,1991,12000.0
Cyprus,1991,3240.0
Czechia,1991,31500.0
Denmark,1991,58980.0
Finland,1991,61980.0
France,1991,393180.0
Germany,1991,793740.0
Greece,1991,24420.0
Hungary,1991,38460.0
Ireland,1991,7080.0
Italy,1991,277800.0
Malta,1991,960.0
Netherlands,1991,187260.0
Poland,1991,15000.0
Portugal,1991,33420.0
Romania,1991,20100.0
Spain,1991,178200.0
Sweden,1991,103020.0
Japan,1991,330600.0
Norway,1991,45660.0
Switzerland,1991,67800.0
Tunisia,1991,5400.0
United Kingdom,1991,168360.0
United States of America,1991,1190400.0
Austria,1992,132360.0
Belgium/Luxembourg,1992,109680.0
Bulgaria,1992,10920.0
Croatia,1992,10080.0
Cyprus,1992,2460.0
Czechia,1992,28500.0
Denmark,1992,63720.0
Estonia,1992,960.0
Finland,1992,63300.0
France,1992,396720.0
Germany,1992,827340.0
Greece,1992,20940.0
Hungary,1992,31320.0
Ireland,1992,5700.0
Italy,1992,275700.0
Latvia,1992,1200.0
Lithuania,1992,120.0
Malta,1992,1080.0
Netherlands,1992,192300.0
Poland,1992,107220.0
Portugal,1992,35460.0
Romania,1992,36180.0
Slovenia,1992,7380.0
Spain,1992,204840.0
Sweden,1992,106320.0
Japan,1992,319560.0
Norway,1992,44340.0
Russian Federation,1992,82920.0
Switzerland,1992,66060.0
Tunisia,1992,6660.0
United Kingdom,1992,185280.0
United States of America,1992,1376340.0
Austria,1993,110160.0
Belgium/Luxembourg,1993,123780.0
Bulgaria,1993,23820.0
Croatia,1993,9780.0
Cyprus,1993,4620.0
Czechia,1993,30840.0
Denmark,1993,59640.0
Estonia,1993,3060.0
Finland,1993,78060.0
France,1993,380040.0
Germany,1993,846420.0
Greece,1993,22500.0
Hungary,1993,40080.0
Ireland,1993,6660.0
Italy,1993,335640.0
Latvia,1993,3600.0
Lithuania,1993,540.0
Malta,1993,1380.0
Netherlands,1993,168240.0
Poland,1993,100200.0
Portugal,1993,39960.0
Romania,1993,25500.0
Slovakia,1993,17280.0
Slovenia,1993,9120.0
Spain,1993,168780.0
Sweden,1993,105420.0
Japan,1993,341460.0
Norway,1993,41580.0
Russian Federation,1993,107700.0
Switzerland,1993,63600.0
Tunisia,1993,6060.0
United Kingdom,1993,191820.0
United States of America,1993,1159740.0
Austria,1994,85020.0
Belgium/Luxembourg,1994,135720.0
Bulgaria,1994,27780.0
Croatia,1994,11580.0
Cyprus,1994,3120.0
Czechia,1994,33240.0
Denmark,1994,61980.0
Estonia,1994,4980.0
Finland,1994,81660.0
France,1994,382140.0
Germany,1994,814980.0
Greece,1994,30120.0
Hungary,1994,46260.0
Ireland,1994,7860.0
Italy,1994,333240.0
Latvia,1994,1380.0
Lithuania,1994,2820.0
Malta,1994,780.0
Netherlands,1994,168000.0
Poland,1994,110580.0
Portugal,1994,39840.0
Romania,1994,20820.0
Slovakia,1994,15420.0
Slovenia,1994,9540.0
Spain,1994,181680.0
Sweden,1994,113580.0
Japan,1994,373020.0
Norway,1994,48360.0
Russian Federation,1994,103560.0
Switzerland,1994,65940.0
Tunisia,1994,8220.0
United Kingdom,1994,207960.0
United States of America,1994,970260.0
Austria,1995,73860.0
Belgium/Luxembourg,1995,144060.0
Bulgaria,1995,30900.0
Croatia,1995,19200.0
Cyprus,1995,2640.0
Czechia,1995,33180.0
Denmark,1995,52620.0
Estonia,1995,6420.0
Finland,1995,46140.0
France,1995,372840.0
Germany,1995,771120.0
Greece,1995,31380.0
Hungary,1995,31200.0
Ireland,1995,6900.0
Italy,1995,323280.0
Latvia,1995,1800.0
Lithuania,1995,6780.0
Malta,1995,1380.0
Netherlands,1995,174600.0
Poland,1995,106260.0
Portugal,1995,37980.0
Romania,1995,33060.0
Slovakia,1995,15000.0
Slovenia,1995,8880.0
Spain,1995,188760.0
Sweden,1995,85200.0
Japan,1995,329340.0
Norway,1995,39720.0
Russian Federation,1995,103680.0
Switzerland,1995,61020.0
Tunisia,1995,8220.0
United Kingdom,1995,168420.0
United States of America,1995,1026420.0
Austria,1996,72600.0
Belgium/Luxembourg,1996,151560.0
Bulgaria,1996,16320.0
Croatia,1996,19320.0
Cyprus,1996,3120.0
Czechia,1996,31500.0
Denmark,1996,60360.0
Estonia,1996,7020.0
Finland,1996,59520.0
France,1996,399600.0
Germany,1996,810420.0
Greece,1996,45960.0
Hungary,1996,36180.0
Ireland,1996,5880.0
Italy,1996,336480.0
Latvia,1996,3960.0
Lithuania,1996,9000.0
Malta,1996,540.0
Netherlands,1996,185040.0
Poland,1996,115440.0
Portugal,1996,44580.0
Romania,1996,41820.0
Slovakia,1996,15660.0
Slovenia,1996,10500.0
Spain,1996,210900.0
Sweden,1996,91320.0
Japan,1996,359640.0
Norway,1996,43200.0
Russian Federation,1996,67680.0
Switzerland,1996,66720.0
Tunisia,1996,8640.0
United Kingdom,1996,174180.0
United States of America,1996,1166700.0
Austria,1997,77640.0
Belgium/Luxembourg,1997,152640.0
Bulgaria,1997,17640.0
Croatia,1997,23100.0
Cyprus,1997,2460.0
Czechia,1997,33600.0
Denmark,1997,56940.0
Estonia,1997,8460.0
Finland,1997,71160.0
France,1997,402240.0
Germany,1997,834300.0
Greece,1997,47340.0
Hungary,1997,40500.0
Ireland,1997,6360.0
Italy,1997,344580.0
Latvia,1997,8640.0
Lithuania,1997,11220.0
Malta,1997,540.0
Netherlands,1997,175440.0
Poland,1997,135180.0
Portugal,1997,43620.0
Romania,1997,37860.0
Slovakia,1997,15180.0
Slovenia,1997,10260.0
Spain,1997,226620.0
Sweden,1997,88380.0
Japan,1997,355260.0
Norway,1997,41040.0
Russian Federation,1997,131100.0
Switzerland,1997,58260.0
Tunisia,1997,9900.0
United Kingdom,1997,175740.0
United States of America,1997,1220580.0
Austria,1998,77580.0
Belgium/Luxembourg,1998,214800.0
Bulgaria,1998,20520.0
Croatia,1998,20340.0
Cyprus,1998,3000.0
Czechia,1998,45900.0
Denmark,1998,60840.0
Estonia,1998,8100.0
Finland,1998,70080.0
France,1998,394560.0
Germany,1998,824400.0
Greece,1998,42240.0
Hungary,1998,42960.0
Ireland,1998,6120.0
Italy,1998,353340.0
Latvia,1998,9540.0
Lithuania,1998,11100.0
Malta,1998,600.0
Netherlands,1998,171720.0
Poland,1998,137580.0
Portugal,1998,45720.0
Romania,1998,35700.0
Slovakia,1998,15540.0
Slovenia,1998,10440.0
Spain,1998,223080.0
Sweden,1998,86400.0
Japan,1998,361620.0
Norway,1998,42420.0
Russian Federation,1998,103920.0
Switzerland,1998,66720.0
Tunisia,1998,8820.0
United Kingdom,1998,188520.0
United States of America,1998,1261800.0
Austria,1999,90000.0
Belgium,1999,180180.0
Bulgaria,1999,22020.0
Croatia,1999,21120.0
Cyprus,1999,3300.0
Czechia,1999,43680.0
Denmark,1999,65640.0
Estonia,1999,7860.0
Finland,1999,72540.0
France,1999,400560.0
Germany,1999,859200.0
Greece,1999,43980.0
Hungary,1999,45720.0
Ireland,1999,8520.0
Italy,1999,356580.0
Latvia,1999,10980.0
Lithuania,1999,12360.0
Luxembourg,1999,8700.0
Malta,1999,540.0
Netherlands,1999,153960.0
Poland,1999,144240.0
Portugal,1999,49020.0
Romania,1999,30660.0
Slovakia,1999,16140.0
Slovenia,1999,10920.0
Spain,1999,239160.0
Sweden,1999,87360.0
Japan,1999,392820.0
Norway,1999,47400.0
Russian Federation,1999,82080.0
Switzerland,1999,68340.0
Tunisia,1999,11160.0
United Kingdom,1999,174420.0
United States of America,1999,1364760.0
Austria,2000,75420.0
Belgium,2000,209460.0
Bulgaria,2000,16860.0
Croatia,2000,20640.0
Cyprus,2000,4140.0
Czechia,2000,48540.0
Denmark,2000,61320.0
Estonia,2000,6300.0
Finland,2000,63780.0
France,2000,391200.0
Germany,2000,833700.0
Greece,2000,47880.0
Hungary,2000,47400.0
Ireland,2000,9300.0
Italy,2000,378900.0
Latvia,2000,10860.0
Lithuania,2000,12780.0
Luxembourg,2000,13920.0
Malta,2000,540.0
Netherlands,2000,177960.0
Poland,2000,154560.0
Portugal,2000,48660.0
Romania,2000,33120.0
Slovakia,2000,17160.0
Slovenia,2000,11220.0
Spain,2000,226080.0
Sweden,2000,80640.0
Japan,2000,414480.0
Norway,2000,39720.0
Russian Federation,2000,113400.0
Switzerland,2000,70260.0
Tunisia,2000,11520.0
United Kingdom,2000,180720.0
United States of America,2000,1426020.0
Austria,2001,85920.0
Belgium,2001,192540.0
Bulgaria,2001,21300.0
Croatia,2001,21120.0
Cyprus,2001,3540.0
Czechia,2001,53940.0
Denmark,2001,66180.0
Estonia,2001,9660.0
Finland,2001,65040.0
France,2001,405180.0
Germany,2001,885180.0
Greece,2001,52080.0
Hungary,2001,49980.0
Ireland,2001,10800.0
Italy,2001,392520.0
Latvia,2001,9360.0
Lithuania,2001,16020.0
Luxembourg,2001,12600.0
Malta,2001,540.0
Netherlands,2001,167640.0
Poland,2001,163140.0
Portugal,2001,50580.0
Romania,2001,37980.0
Slovakia,2001,19020.0
Slovenia,2001,11640.0
Spain,2001,243480.0
Sweden,2001,85920.0
Japan,2001,419760.0
Norway,2001,42960.0
Russian Federation,2001,183420.0
Switzerland,2001,75300.0
Tunisia,2001,13980.0
United Kingdom,2001,183720.0
United States of America,2001,1284900.0
Austria,2002,86820.0
Belgium,2002,227520.0
Bulgaria,2002,20580.0
Croatia,2002,22260.0
Cyprus,2002,3420.0
Czechia,2002,53280.0
Denmark,2002,64560.0
Estonia,2002,7200.0
Finland,2002,64500.0
France,2002,415500.0
Germany,2002,930960.0
Greece,2002,53820.0
Hungary,2002,49680.0
Ireland,2002,10620.0
Italy,2002,391380.0
Latvia,2002,9840.0
Lithuania,2002,15780.0
Luxembourg,2002,15180.0
Malta,2002,600.0
Netherlands,2002,165600.0
Poland,2002,158580.0
Portugal,2002,50280.0
Romania,2002,44280.0
Slovakia,2002,18000.0
Slovenia,2002,12060.0
Spain,2002,241560.0
Sweden,2002,87780.0
Japan,2002,438420.0
Norway,2002,41880.0
Russian Federation,2002,210240.0
Switzerland,2002,73020.0
Tunisia,2002,14160.0
United Kingdom,2002,178260.0
United States of America,2002,1298340.0
Austria,2003,80160.0
Belgium,2003,229080.0
Bulgaria,2003,24000.0
Croatia,2003,23580.0
Cyprus,2003,3540.0
Czechia,2003,58440.0
Denmark,2003,60120.0
Estonia,2003,8040.0
Finland,2003,66300.0
France,2003,399120.0
Germany,2003,943620.0
Greece,2003,59880.0
Hungary,2003,51840.0
Ireland,2003,13620.0
Italy,2003,415740.0
Latvia,2003,11160.0
Lithuania,2003,13260.0
Luxembourg,2003,17340.0
Malta,2003,660.0
Netherlands,2003,190560.0
Poland,2003,159840.0
Portugal,2003,50040.0
Romania,2003,45300.0
Slovakia,2003,18180.0
Slovenia,2003,10620.0
Spain,2003,248160.0
Sweden,2003,86100.0
Japan,2003,415380.0
Norway,2003,41460.0
Russian Federation,2003,226320.0
Switzerland,2003,79320.0
Tunisia,2003,7380.0
United Kingdom,2003,180120.0
United States of America,2003,1365600.0
Austria,2004,92280.0
Belgium,2004,238080.0
Bulgaria,2004,22020.0
Croatia,2004,23280.0
Cyprus,2004,3540.0
Czechia,2004,55740.0
Denmark,2004,67140.0
Estonia,2004,10560.0
Finland,2004,69120.0
France,2004,356400.0
Germany,2004,1041360.0
Greece,2004,56520.0
Hungary,2004,58620.0
Ireland,2004,15840.0
Italy,2004,421920.0
Latvia,2004,11280.0
Lithuania,2004,15360.0
Luxembourg,2004,18960.0
Malta,2004,960.0
Netherlands,2004,189540.0
Poland,2004,161220.0
Portugal,2004,50280.0
Romania,2004,49680.0
Slovakia,2004,17880.0
Slovenia,2004,11760.0
Spain,2004,250380.0
Sweden,2004,89700.0
Japan,2004,435240.0
Norway,2004,42960.0
Russian Federation,2004,192300.0
Switzerland,2004,74160.0
Tunisia,2004,15840.0
United Kingdom,2004,199740.0
United States of America,2004,1391040.0
Austria,2005,94620.0
Belgium,2005,243780.0
Bulgaria,2005,26460.0
Croatia,2005,23520.0
Cyprus,2005,4800.0
Czechia,2005,63780.0
Denmark,2005,59580.0
Estonia,2005,13260.0
Finland,2005,69360.0
France,2005,342840.0
Germany,2005,1002960.0
Greece,2005,55860.0
Hungary,2005,51120.0
Ireland,2005,15060.0
Italy,2005,436140.0
Latvia,2005,11460.0
Lithuania,2005,17040.0
Luxembourg,2005,19860.0
Malta,2005,960.0
Netherlands,2005,179280.0
Poland,2005,167520.0
Portugal,2005,49860.0
Romania,2005,52440.0
Slovakia,2005,18480.0
Slovenia,2005,11460.0
Spain,2005,261360.0
Sweden,2005,101580.0
Japan,2005,444480.0
Norway,2005,45180.0
Russian Federation,2005,200160.0
Switzerland,2005,98460.0
Tunisia,2005,11400.0
United Kingdom,2005,205980.0
United States of America,2005,1382520.0
Austria,2006,96060.0
Belgium,2006,276300.0
Bulgaria,2006,26100.0
Croatia,2006,24240.0
Cyprus,2006,4440.0
Czechia,2006,56400.0
Denmark,2006,60240.0
Estonia,2006,15240.0
Finland,2006,70080.0
France,2006,371460.0
Germany,2006,1112580.0
Greece,2006,53820.0
Hungary,2006,54060.0
Ireland,2006,15120.0
Italy,2006,452880.0
Latvia,2006,13260.0
Lithuania,2006,19020.0
Luxembourg,2006,20160.0
Malta,2006,1740.0
Netherlands,2006,197580.0
Poland,2006,159240.0
Portugal,2006,51720.0
Romania,2006,51240.0
Slovakia,2006,20820.0
Slovenia,2006,11220.0
Spain,2006,272280.0
Sweden,2006,109200.0
Japan,2006,457920.0
Norway,2006,43860.0
Russian Federation,2006,207900.0
Switzerland,2006,90180.0
Tunisia,2006,12540.0
United Kingdom,2006,242760.0
United States of America,2006,1422540.0
Austria,2007,118080.0
Belgium,2007,240840.0
Bulgaria,2007,23580.0
Croatia,2007,24840.0
Cyprus,2007,4260.0
Czechia,2007,62220.0
Denmark,2007,59700.0
Estonia,2007,16620.0
Finland,2007,72420.0
France,2007,385200.0
Germany,2007,1173840.0
Greece,2007,64860.0
Hungary,2007,53640.0
Ireland,2007,15960.0
Italy,2007,481680.0
Latvia,2007,9060.0
Lithuania,2007,20160.0
Luxembourg,2007,21600.0
Malta,2007,960.0
Netherlands,2007,211860.0
Poland,2007,135840.0
Portugal,2007,54660.0
Romania,2007,50400.0
Slovakia,2007,30480.0
Slovenia,2007,12300.0
Spain,2007,292500.0
Sweden,2007,106200.0
Japan,2007,425160.0
Norway,2007,46800.0
Russian Federation,2007,259080.0
Switzerland,2007,109380.0
Tunisia,2007,15180.0
United Kingdom,2007,226860.0
United States of America,2007,1453140.0
Austria,2008,114060.0
Belgium,2008,407520.0
Bulgaria,2008,31020.0
Croatia,2008,24300.0
Cyprus,2008,4680.0
Czechia,2008,62220.0
Denmark,2008,54000.0
Estonia,2008,20040.0
Finland,2008,77100.0
France,2008,375120.0
Germany,2008,1192560.0
Greece,2008,63360.0
Hungary,2008,48660.0
Ireland,2008,7620.0
Italy,2008,490320.0
Latvia,2008,9240.0
Lithuania,2008,23400.0
Luxembourg,2008,21060.0
Malta,2008,1380.0
Netherlands,2008,138240.0
Poland,2008,147600.0
Portugal,2008,53100.0
Romania,2008,49560.0
Slovakia,2008,36660.0
Slovenia,2008,12300.0
Spain,2008,291840.0
Sweden,2008,108240.0
Japan,2008,423600.0
Norway,2008,43320.0
Russian Federation,2008,243180.0
Switzerland,2008,118680.0
Tunisia,2008,19080.0
United Kingdom,2008,238020.0
United States of America,2008,1456620.0
Austria,2009,78540.0
Belgium,2009,354960.0
Bulgaria,2009,31380.0
Croatia,2009,23640.0
Cyprus,2009,4320.0
Czechia,2009,55800.0
Denmark,2009,51600.0
Estonia,2009,21420.0
Finland,2009,74580.0
France,2009,400200.0
Germany,2009,1164960.0
Greece,2009,62760.0
Hungary,2009,42240.0
Ireland,2009,8520.0
Italy,2009,484680.0
Latvia,2009,7920.0
Lithuania,2009,24660.0
Luxembourg,2009,19800.0
Malta,2009,840.0
Netherlands,2009,150120.0
Poland,2009,189720.0
Portugal,2009,53220.0
Romania,2009,48660.0
Slovakia,2009,27480.0
Slovenia,2009,12600.0
Spain,2009,288660.0
Sweden,2009,99540.0
Japan,2009,425400.0
Norway,2009,43440.0
Russian Federation,2009,213180.0
Switzerland,2009,126060.0
Tunisia,2009,17340.0
United Kingdom,2009,247860.0
United States of America,2009,1414680.0
Austria,2010,82140.0
Belgium,2010,355440.0
Bulgaria,2010,31680.0
Croatia,2010,23640.0
Cyprus,2010,4620.0
Czechia,2010,57060.0
Denmark,2010,60900.0
Estonia,2010,15780.0
Finland,2010,76440.0
France,2010,403020.0
Germany,2010,1236180.0
Greece,2010,63660.0
Hungary,2010,43620.0
Ireland,2010,9900.0
Italy,2010,494160.0
Latvia,2010,8280.0
Lithuania,2010,22560.0
Luxembourg,2010,20940.0
Malta,2010,720.0
Netherlands,2010,154980.0
Poland,2010,196740.0
Portugal,2010,60600.0
Romania,2010,50340.0
Slovakia,2010,39300.0
Slovenia,2010,13080.0
Spain,2010,302040.0
Sweden,2010,103620.0
Japan,2010,444420.0
Norway,2010,45540.0
Russian Federation,2010,249300.0
Switzerland,2010,139080.0
Tunisia,2010,18240.0
United Kingdom,2010,258120.0
United States of America,2010,1462680.0
Austria,2011,87120.0
Belgium,2011,349680.0
Bulgaria,2011,28920.0
Croatia,2011,23460.0
Cyprus,2011,4920.0
Czechia,2011,57120.0
Denmark,2011,54540.0
Estonia,2011,10020.0
Finland,2011,77220.0
France,2011,419520.0
Germany,2011,1255560.0
Greece,2011,69300.0
Hungary,2011,38400.0
Ireland,2011,12600.0
Italy,2011,501300.0
Latvia,2011,8460.0
Lithuania,2011,17340.0
Luxembourg,2011,19560.0
Malta,2011,1020.0
Netherlands,2011,160680.0
Poland,2011,204240.0
Portugal,2011,63480.0
Romania,2011,50640.0
Slovakia,2011,46620.0
Slovenia,2011,13380.0
Spain,2011,289260.0
Sweden,2011,98820.0
Japan,2011,452640.0
Norway,2011,47700.0
Russian Federation,2011,253080.0
Switzerland,2011,149880.0
Tunisia,2011,25740.0
United Kingdom,2011,250980.0
United States of America,2011,1565580.0
Austria,2012,93540.0
Belgium,2012,340080.0
Bulgaria,2012,33600.0
Croatia,2012,23040.0
Cyprus,2012,5040.0
Czechia,2012,67620.0
Denmark,2012,54780.0
Estonia,2012,9420.0
Finland,2012,74280.0
France,2012,410460.0
Germany,2012,1308960.0
Greece,2012,74640.0
Hungary,2012,44880.0
Ireland,2012,15120.0
Italy,2012,521460.0
Latvia,2012,9420.0
Lithuania,2012,20220.0
Luxembourg,2012,19380.0
Malta,2012,1260.0
Netherlands,2012,163800.0
Poland,2012,212580.0
Portugal,2012,64560.0
Romania,2012,54180.0
Slovakia,2012,46320.0
Slovenia,2012,13260.0
Spain,2012,305640.0
Sweden,2012,100800.0
Japan,2012,421500.0
Norway,2012,44100.0
Russian Federation,2012,250500.0
Switzerland,2012,148680.0
Tunisia,2012,26340.0
United Kingdom,2012,247560.0
United States of America,2012,1563360.0
Austria,2013,93300.0
Belgium,2013,330120.0
Bulgaria,2013,36540.0
Croatia,2013,24780.0
Cyprus,2013,5640.0
Czechia,2013,71040.0
Denmark,2013,55260.0
Estonia,2013,9360.0
Finland,2013,76500.0
France,2013,402780.0
Germany,2013,1270440.0
Greece,2013,76140.0
Hungary,2013,33420.0
Ireland,2013,13980.0
Italy,2013,529380.0
Latvia,2013,9660.0
Lithuania,2013,21720.0
Luxembourg,2013,22680.0
Malta,2013,1320.0
Netherlands,2013,204420.0
Poland,2013,197040.0
Portugal,2013,63780.0
Romania,2013,58260.0
Slovakia,2013,47880.0
Slovenia,2013,15480.0
Spain,2013,308220.0
Sweden,2013,102540.0
Japan,2013,502860.0
Norway,2013,46860.0
Russian Federation,2013,264600.0
Switzerland,2013,160020.0
Tunisia,2013,26340.0
United Kingdom,2013,252360.0
United States of America,2013,1620960.0
Austria,2014,91500.0
Belgium,2014,312720.0
Bulgaria,2014,37260.0
Croatia,2014,25200.0
Cyprus,2014,5640.0
Czechia,2014,109380.0
Denmark,2014,51180.0
Estonia,2014,7860.0
Finland,2014,72780.0
France,2014,426720.0
Germany,2014,1324680.0
Greece,2014,74040.0
Hungary,2014,49980.0
Ireland,2014,17520.0
Italy,2014,561000.0
Latvia,2014,12780.0
Lithuania,2014,23760.0
Luxembourg,2014,24780.0
Malta,2014,1500.0
Netherlands,2014,240960.0
Poland,2014,193740.0
Portugal,2014,63600.0
Romania,2014,57480.0
Slovakia,2014,55140.0
Slovenia,2014,16140.0
Spain,2014,324360.0
Sweden,2014,131880.0
Japan,2014,459420.0
Norway,2014,44580.0
Russian Federation,2014,284820.0
Switzerland,2014,158580.0
Tunisia,2014,27600.0
United Kingdom,2014,259140.0
United States of America,2014,1653900.0
Austria,2015,90780.0
Belgium,2015,332040.0
Bulgaria,2015,40920.0
Croatia,2015,26220.0
Cyprus,2015,5340.0
Czechia,2015,124080.0
Denmark,2015,50460.0
Estonia,2015,7560.0
Finland,2015,79260.0
France,2015,408540.0
Germany,2015,1278960.0
Greece,2015,72600.0
Hungary,2015,42840.0
Ireland,2015,21420.0
Italy,2015,559680.0
Latvia,2015,12120.0
Lithuania,2015,25680.0
Luxembourg,2015,22560.0
Malta,2015,960.0
Netherlands,2015,250560.0
Poland,2015,219960.0
Portugal,2015,62640.0
Romania,2015,60720.0
Slovakia,2015,54600.0
Slovenia,2015,16320.0
Spain,2015,325740.0
Sweden,2015,127260.0
Japan,2015,483780.0
Norway,2015,48000.0
Russian Federation,2015,282600.0
Switzerland,2015,164880.0
Tunisia,2015,27540.0
United Kingdom,2015,293700.0
United States of America,2015,1662480.0
Austria,2016,89700.0
Belgium,2016,363120.0
Bulgaria,2016,46740.0
Croatia,2016,28740.0
Cyprus,2016,5580.0
Czechia,2016,106740.0
Denmark,2016,54360.0
Estonia,2016,8100.0
Finland,2016,83340.0
France,2016,404280.0
Germany,2016,1342080.0
Greece,2016,95040.0
Hungary,2016,43500.0
Ireland,2016,24180.0
Italy,2016,613440.0
Latvia,2016,13860.0
Lithuania,2016,29940.0
Luxembourg,2016,23640.0
Malta,2016,1140.0
Netherlands,2016,286860.0
Poland,2016,229620.0
Portugal,2016,67680.0
Romania,2016,68040.0
Slovakia,2016,54360.0
Slovenia,2016,19380.0
Spain,2016,339600.0
Sweden,2016,141000.0
Japan,2016,481560.0
Norway,2016,47940.0
Russian Federation,2016,313980.0
Switzerland,2016,168960.0
Tunisia,2016,27960.0
United Kingdom,2016,303120.0
United States of America,2016,1730280.0
Austria,2017,87600.0
Belgium,2017,340620.0
Bulgaria,2017,42420.0
Croatia,2017,26340.0
Cyprus,2017,6000.0
Czechia,2017,90420.0
Denmark,2017,51120.0
Estonia,2017,7980.0
Finland,2017,81600.0
France,2017,418020.0
Germany,2017,1305900.0
Greece,2017,52020.0
Hungary,2017,43320.0
Ireland,2017,25620.0
Italy,2017,601200.0
Latvia,2017,13740.0
Lithuania,2017,25920.0
Luxembourg,2017,22800.0
Malta,2017,1020.0
Netherlands,2017,304080.0
Poland,2017,239940.0
Portugal,2017,65640.0
Romania,2017,69300.0
Slovakia,2017,43380.0
Slovenia,2017,24060.0
Spain,2017,324840.0
Sweden,2017,138360.0
Japan,2017,458820.0
Norway,2017,48060.0
Russian Federation,2017,328080.0
Switzerland,2017,174240.0
Tunisia,2017,32760.0
United Kingdom,2017,299340.0
United States of America,2017,1769280.0
Austria,2018,85740.0
Belgium,2018,344520.0
Bulgaria,2018,44220.0
Croatia,2018,26760.0
Cyprus,2018,7980.0
Czechia,2018,114180.0
Denmark,2018,52080.0
Estonia,2018,8820.0
Finland,2018,77100.0
France,2018,457440.0
Germany,2018,1328820.0
Greece,2018,69600.0
Hungary,2018,46740.0
Ireland,2018,26400.0
Italy,2018,638340.0
Latvia,2018,14580.0
Lithuania,2018,26460.0
Luxembourg,2018,25980.0
Malta,2018,1140.0
Netherlands,2018,331200.0
Poland,2018,259500.0
Portugal,2018,68400.0
Romania,2018,70440.0
Slovakia,2018,53400.0
Slovenia,2018,33000.0
Spain,2018,340380.0
Sweden,2018,135720.0
Japan,2018,452400.0
Norway,2018,44580.0
Russian Federation,2018,317280.0
Switzerland,2018,185160.0
Tunisia,2018,31980.0
United Kingdom,2018,341280.0
United States of America,2018,1735080.0
Austria,2019,86880.0
Belgium,2019,371940.0
Bulgaria,2019,47100.0
Croatia,2019,27960.0
Cyprus,2019,7980.0
Czechia,2019,96540.0
Denmark,2019,54480.0
Estonia,2019,8880.0
Finland,2019,90900.0
France,2019,479580.0
Germany,2019,1345920.0
Greece,2019,74760.0
Hungary,2019,46380.0
Ireland,2019,26280.0
Italy,2019,654840.0
Latvia,2019,14100.0
Lithuania,2019,28440.0
Luxembourg,2019,24120.0
Malta,2019,1380.0
Netherlands,2019,321240.0
Poland,2019,267120.0
Portugal,2019,73200.0
Romania,2019,69900.0
Slovakia,2019,46380.0
Slovenia,2019,37200.0
Spain,2019,359040.0
Sweden,2019,140880.0
Japan,2019,482400.0
Norway,2019,47160.0
Russian Federation,2019,355020.0
Switzerland,2019,193680.0
Tunisia,2019,30480.0
United Kingdom,2019,333240.0
United States of America,2019,1851240.0
